{"schemaVersion":"1.0","appDefinitionTemplate":{"id":"/providers/Microsoft.PowerApps/apps/","type":"Microsoft.PowerApps/apps","tags":{"primaryDeviceWidth":"640","primaryDeviceHeight":"1136","sienaVersion":"20200910T062949Z-3.20084.9.0","deviceCapabilities":"","supportsPortrait":"true","supportsLandscape":"false","primaryFormFactor":"Phone","publisherVersion":"3.20084.9","minimumRequiredApiVersion":"2.2.0","hasComponent":"false","hasUnlockedComponent":"false","isUnifiedRootApp":"false"},"properties":{"appVersion":"2020-09-10T06:29:49Z","lifeCycleId":"Published","createdByClientVersion":{"major":3,"minor":20084,"build":9,"revision":0,"majorRevision":0,"minorRevision":0},"minClientVersion":{"major":3,"minor":20084,"build":9,"revision":0,"majorRevision":0,"minorRevision":0},"backgroundColor":"rgba(0, 176, 240, 1)","backgroundImageUri":"/740198598373197692/N7078a068-2607-4f85-8f2a-5bce898aeff8-logoSmallFile","displayName":"MSA Project 3","description":"","commitMessage":"","appUris":{"documentUri":{"value":"/740198598373197692/N93877b59-1687-41f1-9fc5-52040bec627d-document.msapp","readonlyValue":"/740198598373197692/N93877b59-1687-41f1-9fc5-52040bec627d-document.msapp"},"imageUris":[]},"createdTime":"0001-01-01T00:00:00Z","lastModifiedTime":"0001-01-01T00:00:00Z","sharedGroupsCount":0,"sharedUsersCount":0,"icons":{"smallIconUri":"/740198598373197692/Nba908ea7-404b-4ac2-ae7a-846a859c4389-small.png","mediumIconUri":"/740198598373197692/N268e0ab3-597b-4a93-8680-e03f650952c9-medium.png","largeIconUri":"/740198598373197692/Nae8311ef-323e-486f-ac87-dd24a72f34e2-large.png","wideIconUri":"/740198598373197692/N47a39893-6f6a-4c12-92de-205c2971b092-wide.png"},"connectionReferences":{"b308b6e0-65f4-4240-869a-82afc1924464":{"id":"5039d4e3-3ad5-4a08-87a5-e4736a95257f","displayName":"Office 365 Users","iconUri":"https://connectoricons-prod.azureedge.net/releases/v1.0.1385/1.0.1385.2110/office365users/icon.png","dataSources":["Office365Users"],"dependencies":[],"dependents":[],"parameterHints":{},"isOnPremiseConnection":false,"dataSets":{},"apiTier":"Standard","isCustomApiConnection":false}},"databaseReferences":{},"almMode":"Environment","performanceOptimizationEnabled":true,"canConsumeAppPass":true},"isAppComponentLibrary":false,"appType":"ClassicCanvasApp","appComponents":[]}}