{"schemaVersion":"1.0","appDefinitionTemplate":{"id":"/providers/Microsoft.PowerApps/apps/","type":"Microsoft.PowerApps/apps","tags":{"primaryDeviceWidth":"640","primaryDeviceHeight":"1136","sienaVersion":"20200912T011954Z-3.20084.8.0","deviceCapabilities":"","supportsPortrait":"true","supportsLandscape":"false","primaryFormFactor":"Phone","publisherVersion":"3.20085.17","minimumRequiredApiVersion":"2.2.0","hasComponent":"false","hasUnlockedComponent":"false","isUnifiedRootApp":"false"},"properties":{"appVersion":"2020-09-12T01:19:54Z","lifeCycleId":"Published","createdByClientVersion":{"major":3,"minor":20085,"build":17,"revision":0,"majorRevision":0,"minorRevision":0},"minClientVersion":{"major":3,"minor":20085,"build":17,"revision":0,"majorRevision":0,"minorRevision":0},"backgroundColor":"rgba(0, 176, 240, 1)","backgroundImageUri":"/15484013279847818798/Nb2788a65-a427-4a51-8cf1-a5e6c3198336-logoSmallFile","displayName":"MSA Project 3_1","description":"","commitMessage":"","appUris":{"documentUri":{"value":"/15484013279847818798/Nb65db630-9823-46a1-984d-a11405d5fafd-document.msapp","readonlyValue":"/15484013279847818798/Nb65db630-9823-46a1-984d-a11405d5fafd-document.msapp"},"imageUris":[]},"createdTime":"0001-01-01T00:00:00Z","lastModifiedTime":"0001-01-01T00:00:00Z","sharedGroupsCount":0,"sharedUsersCount":0,"icons":{"smallIconUri":"/15484013279847818798/N45f4d50d-b735-493b-8491-763480bd67a4-small.png","mediumIconUri":"/15484013279847818798/N03d725c1-0851-4921-8b03-a3c16d8cc9c1-medium.png","largeIconUri":"/15484013279847818798/N41487284-b7be-407c-97c6-009bf9decafb-large.png","wideIconUri":"/15484013279847818798/N68691986-0cb8-46d0-8277-c2b7c39bfe77-wide.png"},"connectionReferences":{"f21cdb23-2649-4196-b6eb-513ddbec607a":{"id":"1204206f-f31c-4a83-8a35-ede0d5f489e6","displayName":"Excel","iconUri":"https://connectoricons-prod.azureedge.net/excel/icon_1.0.1352.2014.png","dataSources":["Table1_1"],"dependencies":["c417a6f1-90e4-4391-b004-b10537607da8"],"dependents":[],"parameterHints":{"c417a6f1-90e4-4391-b004-b10537607da8":{"value":"fileSource"}},"isOnPremiseConnection":false,"dataSets":{"b!qiCVAHDGQ06V0IzH7z342hVE1bS3TNpEr3FjtToMILJiz_L6VhbqTrdmhm4219-X.01KKGRQSCIQK3B7SCIEZG2NRLFUJGXM2T3":{"dataSources":{"Table1_1":{"tableName":"Table1"}}}},"apiTier":"Standard","isCustomApiConnection":false},"c417a6f1-90e4-4391-b004-b10537607da8":{"id":"91897af0-e139-4f44-8e99-7f1346c3314e","displayName":"OneDrive for Business","iconUri":"https://connectoricons-prod.azureedge.net/onedriveforbusiness/icon_1.0.1341.1987.png","dataSources":[],"dependencies":[],"dependents":["f21cdb23-2649-4196-b6eb-513ddbec607a"],"parameterHints":{},"isOnPremiseConnection":false,"dataSets":{},"apiTier":"Standard","isCustomApiConnection":false}},"databaseReferences":{},"almMode":"Environment","performanceOptimizationEnabled":true,"canConsumeAppPass":true},"isAppComponentLibrary":false,"appType":"ClassicCanvasApp","appComponents":[]}}