{"schemaVersion":"1.0","appDefinitionTemplate":{"id":"/providers/Microsoft.PowerApps/apps/","type":"Microsoft.PowerApps/apps","tags":{"primaryDeviceWidth":"640","primaryDeviceHeight":"1136","sienaVersion":"20200912T011954Z-3.20084.8.0","deviceCapabilities":"","supportsPortrait":"true","supportsLandscape":"false","primaryFormFactor":"Phone","publisherVersion":"3.20085.17","minimumRequiredApiVersion":"2.2.0","hasComponent":"false","hasUnlockedComponent":"false","isUnifiedRootApp":"false"},"properties":{"appVersion":"2020-09-12T01:19:54Z","lifeCycleId":"Published","createdByClientVersion":{"major":3,"minor":20085,"build":17,"revision":0,"majorRevision":0,"minorRevision":0},"minClientVersion":{"major":3,"minor":20085,"build":17,"revision":0,"majorRevision":0,"minorRevision":0},"backgroundColor":"rgba(0, 176, 240, 1)","backgroundImageUri":"/15484013279847818798/N46b44b59-98ec-4b9e-988d-8b879cdde1d8-logoSmallFile","displayName":"MSA Project 3_1","description":"","commitMessage":"","appUris":{"documentUri":{"value":"/15484013279847818798/N096463e1-e0b0-4d25-a409-a1b9da3b0469-document.msapp","readonlyValue":"/15484013279847818798/N096463e1-e0b0-4d25-a409-a1b9da3b0469-document.msapp"},"imageUris":[]},"createdTime":"0001-01-01T00:00:00Z","lastModifiedTime":"0001-01-01T00:00:00Z","sharedGroupsCount":0,"sharedUsersCount":0,"icons":{"smallIconUri":"/15484013279847818798/Nd2784416-d7ce-4349-b9b9-fe8e72abce42-small.png","mediumIconUri":"/15484013279847818798/Nfdf84ccd-9887-4c37-8489-18ae0c622077-medium.png","largeIconUri":"/15484013279847818798/Nf9ee5b34-2429-42f7-92d8-be232cc7f43e-large.png","wideIconUri":"/15484013279847818798/N67c9fc3f-adf2-4356-aa08-dfd8258c7171-wide.png"},"connectionReferences":{"f21cdb23-2649-4196-b6eb-513ddbec607a":{"id":"1204206f-f31c-4a83-8a35-ede0d5f489e6","displayName":"Excel","iconUri":"https://connectoricons-prod.azureedge.net/excel/icon_1.0.1352.2014.png","dataSources":["Table1_1"],"dependencies":["c417a6f1-90e4-4391-b004-b10537607da8"],"dependents":[],"parameterHints":{"c417a6f1-90e4-4391-b004-b10537607da8":{"value":"fileSource"}},"isOnPremiseConnection":false,"dataSets":{"b!qiCVAHDGQ06V0IzH7z342hVE1bS3TNpEr3FjtToMILJiz_L6VhbqTrdmhm4219-X.01KKGRQSCIQK3B7SCIEZG2NRLFUJGXM2T3":{"dataSources":{"Table1_1":{"tableName":"Table1"}}}},"apiTier":"Standard","isCustomApiConnection":false},"c417a6f1-90e4-4391-b004-b10537607da8":{"id":"91897af0-e139-4f44-8e99-7f1346c3314e","displayName":"OneDrive for Business","iconUri":"https://connectoricons-prod.azureedge.net/onedriveforbusiness/icon_1.0.1341.1987.png","dataSources":[],"dependencies":[],"dependents":["f21cdb23-2649-4196-b6eb-513ddbec607a"],"parameterHints":{},"isOnPremiseConnection":false,"dataSets":{},"apiTier":"Standard","isCustomApiConnection":false}},"databaseReferences":{},"almMode":"Environment","performanceOptimizationEnabled":true,"canConsumeAppPass":true},"isAppComponentLibrary":false,"appType":"ClassicCanvasApp","appComponents":[]}}