{"schemaVersion":"1.0","appDefinitionTemplate":{"id":"/providers/Microsoft.PowerApps/apps/","type":"Microsoft.PowerApps/apps","tags":{"primaryDeviceWidth":"640","primaryDeviceHeight":"1136","sienaVersion":"20200912T023238Z-3.20085.17.0","deviceCapabilities":"","supportsPortrait":"true","supportsLandscape":"false","primaryFormFactor":"Phone","publisherVersion":"3.20085.17","minimumRequiredApiVersion":"2.2.0","hasComponent":"false","hasUnlockedComponent":"false","isUnifiedRootApp":"false"},"properties":{"appVersion":"2020-09-12T02:32:38Z","lifeCycleId":"Published","createdByClientVersion":{"major":3,"minor":20085,"build":17,"revision":0,"majorRevision":0,"minorRevision":0},"minClientVersion":{"major":3,"minor":20085,"build":17,"revision":0,"majorRevision":0,"minorRevision":0},"backgroundColor":"rgba(0, 176, 240, 1)","backgroundImageUri":"/5094058846115319551/Nd3c103f0-b1a9-4f3f-b56d-c4ef098fb60f-logoSmallFile","displayName":"MSA Project 3_2","description":"","commitMessage":"","appUris":{"documentUri":{"value":"/5094058846115319551/Nefef100a-d761-4c38-ace5-73206af9d3c1-document.msapp","readonlyValue":"/5094058846115319551/Nefef100a-d761-4c38-ace5-73206af9d3c1-document.msapp"},"imageUris":[]},"createdTime":"0001-01-01T00:00:00Z","lastModifiedTime":"0001-01-01T00:00:00Z","sharedGroupsCount":0,"sharedUsersCount":0,"icons":{"smallIconUri":"/5094058846115319551/N794fb557-252d-4e25-b6e1-6181c11f359a-small.png","mediumIconUri":"/5094058846115319551/N6511e003-7aa7-49cb-afb5-c9424b938817-medium.png","largeIconUri":"/5094058846115319551/N81ad6eec-76c4-4daf-b092-a943948c125a-large.png","wideIconUri":"/5094058846115319551/N93cd02cb-1a13-4c97-9b16-8daeb4d60bae-wide.png"},"connectionReferences":{"f21cdb23-2649-4196-b6eb-513ddbec607a":{"id":"1204206f-f31c-4a83-8a35-ede0d5f489e6","displayName":"Excel","iconUri":"https://connectoricons-prod.azureedge.net/excel/icon_1.0.1352.2014.png","dataSources":["Table1_1"],"dependencies":["c417a6f1-90e4-4391-b004-b10537607da8"],"dependents":[],"parameterHints":{"c417a6f1-90e4-4391-b004-b10537607da8":{"value":"fileSource"}},"isOnPremiseConnection":false,"dataSets":{"b!qiCVAHDGQ06V0IzH7z342hVE1bS3TNpEr3FjtToMILJiz_L6VhbqTrdmhm4219-X.01KKGRQSCIQK3B7SCIEZG2NRLFUJGXM2T3":{"dataSources":{"Table1_1":{"tableName":"Table1"}}}},"apiTier":"Standard","isCustomApiConnection":false},"c417a6f1-90e4-4391-b004-b10537607da8":{"id":"91897af0-e139-4f44-8e99-7f1346c3314e","displayName":"OneDrive for Business","iconUri":"https://connectoricons-prod.azureedge.net/onedriveforbusiness/icon_1.0.1341.1987.png","dataSources":[],"dependencies":[],"dependents":["f21cdb23-2649-4196-b6eb-513ddbec607a"],"parameterHints":{},"isOnPremiseConnection":false,"dataSets":{},"apiTier":"Standard","isCustomApiConnection":false}},"databaseReferences":{},"almMode":"Environment","performanceOptimizationEnabled":true,"canConsumeAppPass":true},"isAppComponentLibrary":false,"appType":"ClassicCanvasApp","appComponents":[]}}