{"schemaVersion":"1.0","appDefinitionTemplate":{"id":"/providers/Microsoft.PowerApps/apps/","type":"Microsoft.PowerApps/apps","tags":{"primaryDeviceWidth":"640","primaryDeviceHeight":"1136","sienaVersion":"20200912T011954Z-3.20085.17.0","deviceCapabilities":"","supportsPortrait":"true","supportsLandscape":"false","primaryFormFactor":"Phone","publisherVersion":"3.20085.17","minimumRequiredApiVersion":"2.2.0","hasComponent":"false","hasUnlockedComponent":"false","isUnifiedRootApp":"false"},"properties":{"appVersion":"2020-09-12T01:19:54Z","lifeCycleId":"Published","createdByClientVersion":{"major":3,"minor":20085,"build":17,"revision":0,"majorRevision":0,"minorRevision":0},"minClientVersion":{"major":3,"minor":20085,"build":17,"revision":0,"majorRevision":0,"minorRevision":0},"backgroundColor":"rgba(0, 176, 240, 1)","backgroundImageUri":"/15484013279847818798/N0d340899-b43f-4614-9601-343d1254e5a1-logoSmallFile","displayName":"MSA Project 3_1","description":"","commitMessage":"","appUris":{"documentUri":{"value":"/15484013279847818798/Nf56ee4dd-ac14-491c-a3ce-96b6e91eeb57-document.msapp","readonlyValue":"/15484013279847818798/Nf56ee4dd-ac14-491c-a3ce-96b6e91eeb57-document.msapp"},"imageUris":[]},"createdTime":"0001-01-01T00:00:00Z","lastModifiedTime":"0001-01-01T00:00:00Z","sharedGroupsCount":0,"sharedUsersCount":0,"icons":{"smallIconUri":"/15484013279847818798/N3af9b5ba-c019-4ddc-991f-41779e0692e4-small.png","mediumIconUri":"/15484013279847818798/N14043c00-cb21-4350-bde0-1231254336ec-medium.png","largeIconUri":"/15484013279847818798/N4168c203-6f7a-45be-a5b0-d7ab6b28ad5c-large.png","wideIconUri":"/15484013279847818798/Nbc809de9-aeeb-4494-9745-00eca91ae547-wide.png"},"connectionReferences":{"f21cdb23-2649-4196-b6eb-513ddbec607a":{"id":"1204206f-f31c-4a83-8a35-ede0d5f489e6","displayName":"Excel","iconUri":"https://connectoricons-prod.azureedge.net/excel/icon_1.0.1352.2014.png","dataSources":["Table1_1"],"dependencies":["c417a6f1-90e4-4391-b004-b10537607da8"],"dependents":[],"parameterHints":{"c417a6f1-90e4-4391-b004-b10537607da8":{"value":"fileSource"}},"isOnPremiseConnection":false,"dataSets":{"b!qiCVAHDGQ06V0IzH7z342hVE1bS3TNpEr3FjtToMILJiz_L6VhbqTrdmhm4219-X.01KKGRQSCIQK3B7SCIEZG2NRLFUJGXM2T3":{"dataSources":{"Table1_1":{"tableName":"Table1"}}}},"apiTier":"Standard","isCustomApiConnection":false},"c417a6f1-90e4-4391-b004-b10537607da8":{"id":"91897af0-e139-4f44-8e99-7f1346c3314e","displayName":"OneDrive for Business","iconUri":"https://connectoricons-prod.azureedge.net/onedriveforbusiness/icon_1.0.1341.1987.png","dataSources":[],"dependencies":[],"dependents":["f21cdb23-2649-4196-b6eb-513ddbec607a"],"parameterHints":{},"isOnPremiseConnection":false,"dataSets":{},"apiTier":"Standard","isCustomApiConnection":false}},"databaseReferences":{},"almMode":"Environment","performanceOptimizationEnabled":true,"canConsumeAppPass":true},"isAppComponentLibrary":false,"appType":"ClassicCanvasApp","appComponents":[]}}